"","Territorio","Cultivated_areas","Urban_areas","AQI","PM2.5","PM10","NO2","O3","CO","SO2","Benzene","Temperature","N_fertilizer","P4O10_fertilizer","Microelement_fertilizer","Organic_fertilizer","bed_number","lifetime","income","life_quality","instruction","Vehicles_total","urban_traffic","Photovoltaic_panel","green_urban","Electric_consumption","noise","wastes","region","diabetes_mort","circulatory_mort","ischemia_mort","brain_mort","digestive_mort"
"1","Agrigento",0.837529178484475,79.1796868911602,83.625468164794,17.6043012820513,25.0646695736434,38.5897141472868,71.6211259920635,0.773140410958904,7.61680357142857,1.62497023809524,289.850354626754,2087,1071,17,1045,293,81.546,641881594,428.41,13.14,233,2985,199.9,2.23315734593834,63.5,33.3333333333333,32282.071,"SIC",6.208125,43.51375,12.745,13.33,8.239375
"2","Alessandria",0.865535496648385,84.8056672760512,109.75,26.6785,38.2015,25.8815,62.4645,0.773140410958904,11.3995,1.62497023809524,286.664374084346,9359,2025,23,16873,766,81.617,1395711276,483.12,7.16,364,2685,148.1,1.03481232625644,381,45.9469160618347,51156.1542,"PIE",4.258125,55.1575,13.325,17.8425,12.456875
"3","Ancona",0.901291806759865,61.9114386834189,81.75,15.1765,27.88675,43.898,82.509,0.642,7.72975,1.02425,288.39372420785,9782,2099,9,618,1171,83.158,1565424224,517.8,6.68,674,3518,124.5,4.11463967139159,331.3,100,49064.726,"MAR",3.238125,41.7075,15.72875,9.690625,10.630625
"4","Arezzo",0.829279800969416,65.2534530090507,92,16.296,21.30025,36.4655,92.51825,0.80675,7.61680357142857,1.62497023809524,286.348416834152,2934,1004,15,4921,484,83.061,1467506616,525.57,6.41,236,2296,151.1,0.744371393902088,189.2,76.9230769230769,57426.85325,"TOS",3.7125,42.468125,11.05625,14.1825,11.18625
"5","Ascoli Piceno",0.823855518088815,47.156835457507,76,9.6295,19.756,33.5185,91.2035,0.772,7.61680357142857,0.49075,286.903819267354,2113,982,7,1066,516,82.905,685050820,539.82,6.22,279,2828,166.1,0.244790753686672,107.9,100,26220.906,"MAR",3.44,42.1,13.22625,13.085625,9.595
"6","Asti",0.866711499663752,57.5047971306882,54,17.6043012820513,25.0646695736434,25.54925,64.676,0.773140410958904,5.70175,1.62497023809524,286.517670630141,2706,642,12,3724,534,81.601,1103296301,477.45,8.56,428,2656,162.2,1.36832578168783,183.9,11.5384615384615,35226.038,"PIE",3.605625,52.75,12.948125,19.245,11.34875
"7","Avellino",0.897510148150063,63.5937343889253,83.625468164794,17.6043012820513,25.0646695736434,38.5897141472868,71.6211259920635,0.773140410958904,7.61680357142857,1.62497023809524,286.887147964266,3036,907,6,1168,814,81.526,755258859,460.64,8.62,1433,3879,177.9,2.22276885812016,106.3,100,26962.98,"CAM",4.853125,45.601875,11.995625,13.65875,7.988125
"8","Bari",0.72198324654743,60.0609161572712,81,16.34275,25.4075,50.738,92.858775,0.81625,4.84325,1.3635,289.676392430506,14068,3954,93,7048,2707,82.791,4179415240,446.63,12.79,1953,3857,160.2,2.36288254060201,419.5,45.9469160618347,183164.302,"PUG",4.09625,29.556875,9.324375,6.334375,7.940625
"9","Barletta-Andria-Trani",0.749307023725628,62.2579680526192,86,17.50375,23.3035,55.40425,94.31425,0.7985,35.2715,1.336,289.847105032572,479,369,6,283,414,82.265,1989090178,455.19,17.43,954,16979,732.2,0.724252732916485,320.692079207921,45.9469160618347,111347.425,"PUG",3.20454545454546,22.75,7.08545454545455,4.76727272727273,5.95727272727273
"10","Belluno",0.235019412497252,51.5523294996703,68,17.6043012820513,20.443,31.70975,75.383,0.6,5.898,1.62497023809524,281.463615944343,245,34,0,2170,418,82.044,631327766,545.44,6.59,203,2129,151.6,0.606394916018671,114.9,100,13838.749,"VEN",3.014375,42.72625,14.686875,8.85625,12.30125
"11","Benevento",0.864275058113312,66.6930664838585,83.625468164794,17.6043012820513,25.0646695736434,38.5897141472868,71.6211259920635,0.773140410958904,7.61680357142857,1.62497023809524,287.434185825308,1376,715,10,811,816,81.111,705153854,427.03,8.9,363,3980,182.9,0.992661816836625,62,45.9469160618347,24410.39425,"CAM",4.98375,49.368125,14.14875,15.07125,8.94125
"12","Bergamo",0.413516193793387,96.274212079433,135.25,27.139,36.5355,55.979,97.27475,0.819,5.0435,1.319375,285.083688817062,4588,574,13,28666,1446,82.386,2309266401,535.77,8.87,2426,3831,139.7,7.53702509344363,881.7,100,62720.942,"LOM",2.178125,28.340625,10.115,7.318125,10.819375
"13","Biella",0.731550018321729,57.9104653719311,80,19.23725,49.125,27.4175,50.93125,0.773140410958904,6.993,1.62497023809524,283.584722153939,202,99,1,909,65,81.386,738026722,492.31,9.09,843,2381,161.9,1.86506972689674,166.8,50,23085.0546,"PIE",3.54375,48.25,13.069375,14.81875,11.81625
"14","Bologna",0.856961115105924,54.1099858030496,72,16.04025,24.46,29.4495,47.7905,1.00575,7.61680357142857,1.5385,287.592366668611,21184,3950,38,10619,3811,82.962,7386051801,552.96,5.37,1991,3608,119.8,5.78786415900178,950.7,29.8245614035088,214780.723,"EMR",3.194375,40.615625,14.52125,9.1825,11.068125
"15","Bolzano",0.0630597875246084,68.9268299719262,83.625468164794,17.6043012820513,25.0646695736434,38.5897141472868,71.6211259920635,0.773140410958904,7.61680357142857,1.62497023809524,279.364988305647,5563.80238095238,1909.93095238095,0.485714285714286,5888.8619047619,835,83.15,1971749662,456.920266666667,6.14,1577,6247,137,4.39816835176519,297.6,38.4615384615385,47786.749,"TAA",1.230625,29.859375,10.015625,7.103125,8.68625
"16","Brescia",0.498396094839609,96.3154058577406,131,27.18275,36.149,59.78275,90.66275,0.8345,6.3875,1.19,285.783655142507,10990,1012,26,11863,2679,82.766,3231176400,532.91,8.76,1675,2823,133.4,5.34557885030293,1026.1,16.6666666666667,141432.762,"LOM",1.925,29.69125,11.98,7.704375,10.730625
"17","Brindisi",0.777448890993764,65.4089746625622,82,16.236,22.8695,31.172,93.5435,0.71075,5.952,0.88575,290.245559298188,1045,433,16,1163,764,82.012,968226799,439.53,12.83,191,3838,184.4,0.304670025394675,117.8,45.9469160618347,44350.415,"PUG",4.27375,35.56125,11.821875,8.479375,7.87
"18","Cagliari",0.471954036604868,65.1990652490586,83.625468164794,17.6043012820513,25.0646695736434,38.5897141472868,71.6211259920635,0.773140410958904,7.61680357142857,1.62497023809524,290.267860622432,6853,3153,7,976,2057,82.916,2415932569,522.29,8.9,1566,4777,176.1,9.95357930124286,320.692079207921,100,89728.151,"SAR",2.403125,25.005,6.934375,7.53125,8.265625
"19","Caltanissetta",0.878785719375757,34.7790200920196,83.625468164794,17.6043012820513,25.0646695736434,38.5897141472868,71.6211259920635,0.773140410958904,7.61680357142857,1.62497023809524,289.202610926388,1796,934,4,724,281,80.999,647176215,421.61,14.27,124,3652,210.8,0.111097184398537,48,50,94654.3681847619,"SIC",5.100625,41.86,10.103125,14.8225,8.4275
"20","Campobasso",0.915175726680064,56.1274611639622,83.625468164794,17.6043012820513,25.0646695736434,38.5897141472868,71.6211259920635,0.773140410958904,7.61680357142857,1.62497023809524,287.095737264637,6368,2520,2,476,431,82.032,643461043,458.09,8.04,796,4512,185.5,1.04200660814149,104.8,33.3333333333333,21704.978,"MOL",4.26625,46.426875,16.135,11.3425,9.698125
"21","Caserta",0.759036144578313,62.1068006466166,83.625468164794,17.6043012820513,25.0646695736434,38.5897141472868,71.6211259920635,0.773140410958904,7.61680357142857,1.62497023809524,288.803999258023,6616,2933,16,761,621,80.402,1032966747,415.02,11.68,1109,3113,171.5,2.46157815404248,146.6,100,41600.035,"CAM",4.448125,33.575625,10.3225,10.4325,7.866875
"22","Catania",0.705303094893,56.2382362708649,83.625468164794,17.6043012820513,25.0646695736434,38.5897141472868,71.6211259920635,0.773140410958904,7.61680357142857,1.62497023809524,289.465513763379,4783,2756,41,10339,2675,81.21,2973761055,429.38,11.66,1698,4938,248.8,2.84096072118058,171.8,50,208532.333,"SIC",5.175,36.805,10.033125,12.364375,7.755
"23","Catanzaro",0.810897236882955,64.4949116098926,83.625468164794,17.6043012820513,25.0646695736434,38.5897141472868,71.6211259920635,0.773140410958904,7.61680357142857,1.62497023809524,289.346611878086,2001,618,20,1560,803,82.077,6920856,423.28,11.65,673,2671,179.5,4.31694202852266,54.9,100,43339.03,"CAL",4.805625,40.6475,10.910625,11.246875,8.128125
"24","Chieti",0.819734968787646,48.3056510787427,31,17.6043012820513,15.611,38.5897141472868,71.6211259920635,0.553,7.61680357142857,1.1185,287.650349757075,3824,1113,29,1165,560,82.495,685158507,481.85,8.12,764,2871,166,0.660759672171878,161.3,40,26322.403,"ABR",3.940625,46.56625,17.4625,10.5025,8.905
"25","Como",0.553276560390487,99.2236161595181,136.25,27.301,31.067,78.64825,102.11425,0.967,5,2.53775,285.111394191829,695,376,2,2935,307,83.036,1402851859,547.65,8.24,1865,2234,145.4,15.6297833935018,595.8,25,37241.586,"LOM",2.54625,31.888125,10.37375,8.6775,9.98375
"26","Cosenza",0.725094661322822,61.541743405337,83.625468164794,17.6043012820513,25.0646695736434,38.5897141472868,71.6211259920635,0.773140410958904,7.61680357142857,1.62497023809524,288.095806872221,2268,1171,7,2061,777,81.824,8595412,427.36,12.4,1407,4359,209.2,4.49496582253072,122.2,66.6666666666667,28218.5261,"CAL",4.020625,41.128125,10.77375,12.390625,7.69375
"27","Cremona",0.92269649242943,103.411352050521,141,31.4145,39.9255,50.83575,92.096,0.67325,5.01,1.269,287.448025458626,16976,3608,7,827,794,82.042,1229633684,509.15,8.62,777,3321,145.8,3.20668078593142,445.5,80,37978.0785,"LOM",2.38375,41.44125,14.136875,11.225625,13.036875
"28","Crotone",0.830941607412195,66.3922194918494,83.625468164794,17.6043012820513,25.0646695736434,38.5897141472868,71.6211259920635,0.773140410958904,7.61680357142857,1.62497023809524,290.163545030789,2135,818,2,256,386,81.414,12894260,444.07,15.54,242,2295,205.7,0.123921623357606,22,45.9469160618347,30039.48,"CAL",4.283125,34.055625,9.416875,8.740625,7.414375
"29","Cuneo",0.689987639060568,79.6039278121137,88.5,21.51575,32.8,22.12375,53.127,0.773140410958904,7.4745,1.62497023809524,284.732847608295,12151,3672,30,29162,646,82.005,926789962,561.41,7.81,436,2382,148.6,1.57680473966124,403.6,57.1428571428571,28010.7686,"PIE",3.40625,43.01,10.351875,13.21375,10.266875
"30","Enna",0.859888406695598,64.8266287789453,83.625468164794,17.6043012820513,25.0646695736434,38.5897141472868,71.6211259920635,0.773140410958904,7.61680357142857,1.62497023809524,288.234372237037,812,284,0,79,243,81.281,325173898,435.44,10.99,67,3990,203.4,0.09041416410522,52.6,33.3333333333333,12129.698,"SIC",5.91125,46.199375,12.911875,14.6375,8.335625
"31","Fermo",0.901930564568462,65.1911036137968,83.625468164794,17.6043012820513,25.0646695736434,38.5897141472868,71.6211259920635,0.773140410958904,7.61680357142857,1.62497023809524,288.31752260333,153,49,1,41,339,82.465,462361873,516.01,9.46,271,3318,157.6,0.819597057831596,80.5,45.9469160618347,17194.358,"MAR",2.37909090909091,36.6645454545454,14.1018181818182,9.99636363636364,8.43636363636364
"32","Ferrara",0.868034205699227,64.3562572661276,85,20.2065,29.93875,22.50175,51.81075,1.01366666666667,7.61680357142857,1.39125,288.357839363048,21992,5468,34,20161,793,81.492,2263213791,492.63,8.15,267,1971,125.3,1.99595512828424,305.5,55.5555555555556,90535.8,"EMR",3.776875,49.58375,17.1425,12.931875,12.60375
"33","Firenze",0.811460766799505,67.4086220773867,89.25,15.43475,23.774,56.20675,94.857,1.06525,3.0275,2.48325,287.029504520538,3239,1358,15,5540,2327,83.406,6614086269,567.47,7.13,2865,4729,135.7,7.95500431494927,424.3,100,239828.5699,"TOS",3.179375,39.779375,11.3325,11.2975,10.77125
"34","Foggia",0.817049995377456,58.5531392207419,74.75,15.69825,22.524,31.172,93.5435,0.71075,5.952,0.88575,289.232594651337,16928,6948,70,8461,894,81.968,1622048649,420.07,13.82,200,5947,189.4,0.268280134908629,170.7,100,68494.963,"PUG",4.454375,34.985,10.453125,8.3975,7.99625
"35","Forl√¨-Cesena",0.881021222459954,66.6067830914243,89,18.0495,24.0435,17.9903333333333,60.572,1.00166666666667,7.61680357142857,1.43125,287.818508620559,4623,1557,7,2613,1365,83.175,3298235338,456.920266666667,6.92,437,2424,128.5,1.19237969367329,307.1,100,82461.608,"EMR",2.815,39.853125,14.4275,8.598125,10.735625
"36","Frosinone",0.788571806633733,65.3534624206069,90.75,18.37975,30.40025,26.12625,72.151,0.45425,0.933,1.7825,287.005777954815,5003,1125,5,443,283,81.91,595518903,455.77,9.33,970,1999,173.9,1.51456609122406,131,75,26568.431,"LAZ",4.09625,44.959375,13.85625,11.9625,9.19375
"37","Genova",0.775118016578076,56.6767398927009,86.3333333333333,17.6043012820513,24.429,36.4363333333333,85.0196666666667,0.851666666666667,7.74566666666667,3.48866666666667,286.737746098518,905,285,12,1480,2641,82.142,10173140030,518.46,6.08,1851,5592,153.6,4.95911637434153,505.3,26.7605633802817,301967.034,"LIG",4.20125,50.325,14.855,12.9425,12.591875
"38","Gorizia",0.581293952180028,63.3242756680731,72,10.376,17.882,41.38525,75.982,0.57225,7.24775,1.62497023809524,286.88711717081,181,90,2,430,163,82.073,555052118,543.61,4.65,713,2106,172.5,11.4125807014483,116.8,33.3333333333333,15492.3665,"FVG",3.405625,44.988125,18.739375,12.094375,12.901875
"39","Grosseto",0.818712812684963,66.3019376343416,83.5,10.7285,17.12225,20.81775,99.9925,0.773140410958904,7.61680357142857,1.62497023809524,289.153579552627,5053,2759,11,5383,295,82.173,1146558239,528.52,7.7,154,3366,155.9,0.561916591419929,67.5,45.9469160618347,47863.801,"TOS",4.030625,45.37375,14.090625,13.026875,11.804375
"40","Imperia",0.446462601238685,65.1955645001186,83.625468164794,17.6043012820513,25.0646695736434,38.5897141472868,71.6211259920635,0.773140410958904,7.61680357142857,1.62497023809524,287.039379638754,767,630,87,3552,8,82.249,597959553,489.15,7.95,887,2285,170.2,0.551900491373422,66.1,83.3333333333333,21642.155,"LIG",4.476875,46.9925,11.959375,14.1075,11.398125
"41","Isernia",0.780802091600915,50.8764008835307,83.625468164794,17.6043012820513,25.0646695736434,38.5897141472868,71.6211259920635,0.773140410958904,7.61680357142857,1.62497023809524,285.749755889914,75,56,1,12,257,81.666,266025264,451.61,8.25,305,5425,205.3,0.131808078806906,34.6,45.9469160618347,7997.241,"MOL",4.235,54.178125,16.346875,13.871875,9.344375
"42","L'Aquila",0.554351960107619,60.6526679438239,71,17.6043012820513,26.143,44.857,78.6785,0.773140410958904,0.3355,1.62497023809524,283.447723572836,598,199,3,5187,373,82.324,1078435249,468.04,6.29,144,1909,155.6,0.402723783029172,194.9,33.3333333333333,33208.416,"ABR",4.330625,46.865,15.36625,11.263125,9.9825
"43","La Spezia",0.77062296100668,44.2757858215525,60.3333333333333,17.6043012820513,24.502,25.2033333333333,61.391,0.913,4.10766666666667,1.66533333333333,287.563533181591,74,39,2,532,523,82.329,1425779206,502.89,5.55,1379,3914,139.7,2.20111688362228,127.9,33.3333333333333,46341.9415,"LIG",3.4675,52.091875,19.1675,14.63875,11.725625
"44","Latina",0.673349882248106,49.4640411176882,69.75,14.93625,24.5703333333333,23.87225,59.99225,0.41925,1.41875,1.293,288.647811465691,13824,2394,30,20964,754,81.957,1651446335,481.93,8.91,410,2346,162.8,0.722176396556183,141.9,100,66747.1399569289,"LAZ",3.355625,33.075,11.31125,8.20125,8.098125
"45","Lecce",0.811087261838513,63.1168905848372,85.75,15.18925,25.223,32.379,98.84,0.679,5.55975,1.08425,291.026694191732,3721,1127,51,1104,864,82.443,1277703160,418.32,10.99,346,2258,175.4,0.371281933823868,189.6,100,56711.32,"PUG",3.75625,35.3575,11.1425,8.834375,8.475
"46","Lecco",0.370886597938144,80.3735546391753,109.75,19.89575,27.6865,57.7435,99.916,0.7915,5,1.192,284.919235851073,320,6,8,358,663,82.912,858220317,517.18,7.4,838,3662,148.2,1.64238269739495,296.8,91.6666666666667,22258.09425,"LOM",2.4175,32.308125,10.86875,8.133125,10.675
"47","Livorno",0.6484375,66.4654986213235,87,12.2195,20.06825,45.3705,104.42475,0.6785,6.33,0.581,289.294627349553,1815,1374,6,535,366,82.231,2357584374,533.17,6.8,1331,3712,135.1,1.86138891467297,116.5,33.3333333333333,85284.46225,"TOS",3.5075,47.105,14.995625,15.365,10.985
"48","Lodi",0.885055493418222,94.5645917577218,128.5,26.1615,39.0535,54.684,98.14225,0.843,5.42225,1.095,287.439747934921,2635,1325,3,8212,289,81.935,794657910,494.04,8.02,782,3793,141,6.09193991183977,206,15,21703.228,"LOM",2.265,32.59125,9.845625,9.411875,11.326875
"49","Lucca",0.825872960508468,80.7614172770608,107.75,20.906,29.12925,47.06875,92.3245,0.83025,2.55775,1.489,286.985582225987,838,334,11,4686,451,81.96,1411607762,507.3,7.3,417,1497,134.5,0.820061154771305,276.5,54.5454545454545,56845.9875,"TOS",3.77625,43.745625,13.75,13.854375,11.250625
"50","Macerata",0.846592479087643,47.6047376221457,70,11.80575,17.5725,28.73275,83.99925,0.305666666666667,7.61680357142857,0.5775,287.725111114724,10491,3351,13,7780,816,82.89,627766719,554.03,8.49,402,3548,144,0.847120733464253,157.2,100,18654.906,"MAR",3.20125,44.316875,14.673125,13.319375,10.600625
"51","Mantova",0.900789079599124,95.0608800829397,125.5,26.0675,34.013,38.1895,86.0595,0.751,5.175,1.31525,287.96111239545,14039,2043,20,16357,549,82.613,836908861,530.34,8.93,673,3279,154.5,2.97766552990885,285.7,45.9469160618347,25330.71,"LOM",3.1425,43.136875,14.915,10.071875,11.245
"52","Massa-Carrara",0.846039838747925,47.358845150581,82,30.462,24.4305,43.9155,74.097,0.267,1.51266666666667,1.62497023809524,287.090308479051,20,13,0,109,384,81.714,882735114,519.59,6.56,649,1821,135.8,0.904136406021047,63.4,45.9469160618347,55863.5015,"TOS",3.293125,48.5075,14.8325,16.97375,12.4725
"53","Matera",0.841297611770409,58.0518549356042,72.25,17.6043012820513,25.0646695736434,31.87,86.5785,0.42075,12.141,1.127,289.570123948073,723,471,12,3144,300,82.109,754762809,463.72,8.82,125,5544,178.4,15.362986876852,67.7,20,29340.549,"BAS",4.571875,38.864375,12.478125,9.484375,8.624375
"54","Messina",0.571306199935176,61.7854793346766,83.625468164794,17.6043012820513,25.0646695736434,38.5897141472868,71.6211259920635,0.773140410958904,7.61680357142857,1.62497023809524,288.982934184899,1427,681,6,871,1643,81.096,2625235318,418.45,8.85,917,4399,196,1.61785503595961,104.2,78.9473684210526,112203.373,"SIC",5.1075,47.550625,13.973125,13.925625,8.413125
"55","Milano",0.590866570286589,100.674028403776,138.5,30.285,38.87075,70.45325,87.7405,1.241,5.66975,1.9875,286.781996665035,6768,3823,17,26762,8449,83.287,30245878861,581.49,5.84,5188,6369,148.2,12.9449620113534,2476.9,86.1111111111111,668068.406000001,"LOM",2.111875,30.48625,10.373125,8.294375,10.189375
"56","Modena",0.856310187531677,67.3609680689306,88.5,21.00125,31.69275,39.445,47.11475,0.6825,7.61680357142857,1.18325,287.245616955292,9297,2752,14,13558,2008,83.328,3310938258,551.46,7.95,821,3119,129,4.7788229385868,618.2,5.26315789473684,125327.674,"EMR",2.60125,37.09625,12.35125,8.6875,9.6675
"57","Monza-Brianza",0.392632969937231,104.615130492237,137.25,28.17275,40.0685,78.63125,87.32075,1.07375,5.137,1.62497023809524,286.350022180018,58,40,0,5262,1355,83.271,3135011828,456.920266666667,6.34,3031,4966,148,21.841285576554,851.1,25.9259259259259,51907.508,"LOM",1.50727272727273,21.8336363636364,7.02727272727273,6.06181818181818,8.26
"58","Napoli",0.296700585877274,64.054726346153,83.625468164794,17.6043012820513,25.0646695736434,38.5897141472868,71.6211259920635,0.773140410958904,7.61680357142857,1.62497023809524,289.75985157373,3678,1985,14,892,5427,79.943,9730942217,422.42,14.34,6062,6817,250.1,9.29093379195502,603.9,50,502180.83626,"CAM",4.42375,32.72375,12.130625,9.321875,7.80375
"59","Novara",0.834048284118116,63.9162410215483,93.75,22.8035,27.5515,37.14825,47.3625,0.773140410958904,9.02725,1.62497023809524,286.305965667336,3749,780,7,2578,624,82.361,1706167812,496.8,8.63,764,2869,145.4,1.54398510249314,336,100,43556.1392,"PIE",3.091875,40.1375,12.486875,11.896875,10.808125
"60","Nuoro",0.421979670485994,65.1853656275776,83.625468164794,17.6043012820513,25.0646695736434,38.5897141472868,71.6211259920635,0.773140410958904,7.61680357142857,1.62497023809524,287.77791307114,1176,1009,0,473,355,81.727,463737882,518.16,9.54,165,4089,207.9,0.56896262665181,320.692079207921,45.9469160618347,13432.39,"SAR",3.08625,34.743125,10.904375,7.6575,10.90125
"61","Oristano",0.663765068342421,65.1865089162742,83.625468164794,17.6043012820513,25.0646695736434,38.5897141472868,71.6211259920635,0.773140410958904,7.61680357142857,1.62497023809524,289.197944773226,2935,1424,1,316,385,81.96,413644187,501.9,10.36,321,3272,183.2,1.89834598948566,320.692079207921,45.9469160618347,14217.119,"SAR",3.121875,38.290625,10.594375,10.758125,10.655625
"62","Padova",0.843322884012539,72.372934169279,92.5,17.6043012820513,35.86375,58.06225,72.83675,0.6715,5.872,1.62497023809524,287.303926503419,17677,4700,69,29551,1948,83.226,3817581471,510.58,6.74,1762,2184,141.1,8.28161589233117,814,40,121195.179,"VEN",2.750625,32.169375,11.45,7.798125,9.2875
"63","Palermo",0.766773307578547,59.0818633187705,83.625468164794,17.6043012820513,25.0646695736434,38.5897141472868,71.6211259920635,0.773140410958904,7.61680357142857,1.62497023809524,289.291638895955,1806,1306,5,1067,3362,81.357,7001889854,415.76,13.77,3409,6199,188.7,4.76610350178464,162.7,58.3333333333333,345876.695,"SIC",4.865625,35.4375,9.223125,10.22125,7.981875
"64","Parma",0.880818192566901,68.7063492689079,87.75,20.0705,31.12975,23.91825,53.84625,0.909,7.61680357142857,1.44325,286.987033735298,2928,1043,7,674,1350,82.943,3517552050,551.97,6.46,590,3180,125.8,7.23179694077324,458.4,45.9469160618347,101685.657,"EMR",3.226875,44.07375,15.62,10.6675,12.4525
"65","Pavia",0.893478754828448,91.4091706430357,119,24.2705,36.47925,48.39775,87.6385,0.6365,7.48025,1.29325,287.229433072685,18686,3077,15,18161,1383,81.631,1403175428,484.6,7.89,848,3345,136.3,2.74403704974488,528.9,13.3333333333333,44300.144,"LOM",3.200625,45.179375,13.56,13.844375,12.964375
"66","Perugia",0.794240635516081,68.6047045843217,91.5,17.5465,25.27225,45.047,84.26275,0.64,3.90325,1.62497023809524,286.721939915827,15397,3144,19,6402,1134,83.138,2439777088,504.26,6.16,339,2240,153.2,2.31669619522127,386.8,77.7777777777778,91630.3085,"UMB",3.0775,43.555625,17.811875,12.436875,10.886875
"67","Pesaro-Urbino",0.884687937910962,70.45616039668,88,13.61125,30.28875,46.59525,87.23475,0.59575,6.503,2.011,287.619711659715,3438,1585,3,535,503,83.248,1625386897,456.920266666667,6.67,704,3965,137,2.06798979257793,194.4,100,68736.662,"MAR",2.240625,39.84125,15.3075,9.999375,10.5075
"68","Pescara",0.824987033942257,61.4085748861868,76.75,17.6043012820513,27.7165,68.983,80.69625,2.546,0.195,1.77725,288.079757633847,1241,603,3,367,636,82.345,1670874559,461.2,6.41,2870,3714,158.8,13.580426621657,161.1,33.3333333333333,68842.14,"ABR",3.355625,39.99625,14.0375,10.600625,8.69875
"69","Piacenza",0.86552708044292,74.85585848538,102.75,25.379,26.05725,22.5945,57.85925,0.924666666666667,7.61680357142857,1.7195,287.308937077252,8070,3322,1090,9139,966,82.323,1739721723,524.78,6.7,716,2676,134.8,2.34545602170581,234.9,33.3333333333333,71359.338,"EMR",3.116875,46.795625,15.474375,11.934375,13.523125
"70","Pisa",0.817700068011788,69.4078610292451,116.25,17.7915,23.41325,49.1455,83.83375,0.69625,7.61680357142857,9.875,288.292982699999,3630,826,4,3225,1224,82.718,1507905295,539.69,8.16,411,2651,136.7,1.06662515801996,371.7,45.9469160618347,71916.78894,"TOS",3.481875,42.2925,12.698125,14.055625,10.219375
"71","Pistoia",0.857571000428143,83.8127301270158,113.75,22.151,25.79175,43.733,92.784,0.773140410958904,7.61680357142857,1.62497023809524,286.678716790403,2038,875,17,27038,374,83.224,1274529584,504.53,9.27,314,2439,136.4,0.762065705116669,151.7,50,55487.753,"TOS",3.26875,43.348125,15.601875,13.66625,11.07
"72","Pordenone",0.646073970365184,75.1615622447789,84.75,15.212,27.02525,56.507,76.88275,0.640666666666667,3.97666666666667,1.62497023809524,286.403627582484,5939,2030,25,15339,643,83.232,864039667,498.2,6.11,1164,2209,152.4,14.8723306814613,205.2,50,25198.528,"FVG",2.418125,37.06875,14.3925,8.276875,10.67
"73","Potenza",0.819858407865243,60.0014358951597,74.75,10.747,18.80725,25.28175,89.71025,0.4865,9.81725,0.73925,286.306344033904,1239,801,13,399,714,81.97,908211236,477.04,9.86,350,2400,187.2,5.99783452437343,132.4,100,28106.109,"BAS",4.741875,42.728125,11.43375,11.34125,9.353125
"74","Prato",0.767608286252354,54.1770433145009,77.5,19.327,27.94425,59.21625,71.6211259920635,0.7205,7.61680357142857,0.755,286.75457268787,29,8,0,114,534,83.415,2716719937,518.34,11.02,1555,3445,132.9,6.322505328574,328.8,38.8888888888889,139050.334,"TOS",2.78125,35.395625,10.20375,11.165625,9.9075
"75","Ragusa",0.850847777830255,65.1905672978019,83.625468164794,17.6043012820513,25.0646695736434,38.5897141472868,71.6211259920635,0.773140410958904,7.61680357142857,1.62497023809524,290.139674700795,4506,6196,65,6832,320,81.864,805750552,466.52,12.96,154,2836,195.5,0.374110794069442,47.3,100,34906.83,"SIC",4.7375,40.29875,9.333125,13.9775,7.9475
"76","Ravenna",0.864493366165607,60.6607537947003,77,17.9225,27.5895,22.64525,45.4305,1.0805,4.4195,1.52975,288.109563431215,25508,6782,28,6823,696,83.234,2498731104,555.15,6.41,219,3051,124.7,1.03392268843814,352.9,56,112813.75908,"EMR",3.18125,41.9225,14.355625,9.979375,10.15375
"77","Reggio Calabria",0.689482981980921,63.563989544534,83.625468164794,17.6043012820513,25.0646695736434,38.5897141472868,71.6211259920635,0.773140410958904,7.61680357142857,1.62497023809524,289.129449289842,3088,939,1,1740,768,81.597,27998698,456.920266666667,10.37,610,2464,199.2,7.95157477366825,74.9,20,82992.211,"CAL",5.31125,41.475625,10.849375,10.050625,7.85875
"78","Reggio Emilia",0.851158645276292,72.4104159239453,93.25,21.62175,27.52875,20.486,57.9955,1.054,7.61680357142857,1.68275,287.049124958416,5555,2124,60,2890,1671,82.83,2693640180,456.920266666667,7.98,671,2838,116.8,4.43636208352626,621.2,66.6666666666667,115392.351,"EMR",2.84625,38.048125,12.705,9.616875,9.194375
"79","Rieti",0.819095865048344,48.8014040320922,67.25,12.712,18.1005,13.01875,66.44825,0.4245,0.74625,1.0865,285.771259791728,1327,308,2,258,320,81.677,664732802,457.27,6.43,208,2447,181.1,7.62613919930563,41.1,45.9469160618347,22895.87,"LAZ",4.264375,49.39875,19.645625,10.701875,10.03
"80","Rimini",0.80859375,60.4669642857143,88.5,18.80075,26.6935,18.72325,60.45825,1.03925,7.61680357142857,1.891,288.148219991155,3140,156,5,4139,820,83.564,2018157318,539.15,5.66,968,3819,133,2.22537853666876,310.7,41.6666666666667,107709.981,"EMR",2.561875,33.045625,11.52625,6.98875,9.95875
"81","Roma",0.755501287394155,50.0752515063839,66.5,14.873,24.4525,30.94825,57.38925,0.417,1.0845,1.42975,288.93173651862,10157,1864,27,16373,12483,82.304,48055835334,546.97,4.82,1835,4672,155.1,3.65059580135636,1771.1,51.6129032258064,1681244.578,"LAZ",3.163125,34.53875,13.09,7.863125,8.894375
"82","Rovigo",0.779066309842402,68.7579765090693,94,17.6043012820513,35.9885,39.5595,78.8425,0.58875,5.28,1.62497023809524,288.188862049049,10575,3976,13,19519,656,81.869,805403852,484.67,9.24,396,2119,135.3,1.49038009073062,195,100,31361.34,"VEN",3.74375,47.715,17.36875,11.540625,10.96375
"83","Salerno",0.730795347189419,55.599594149063,83.625468164794,17.6043012820513,25.0646695736434,38.5897141472868,71.6211259920635,0.773140410958904,7.61680357142857,1.62497023809524,288.883968463485,6213,1828,15,5758,969,81.172,1764799986,436.44,9.33,1795,4945,182.1,4.13107323299829,215.4,32.7272727272727,61769.829,"CAM",4.8825,39.425,12.22,10.5925,7.424375
"84","Sassari",0.543114470517448,65.1868222875857,83.625468164794,17.6043012820513,25.0646695736434,38.5897141472868,71.6211259920635,0.773140410958904,7.61680357142857,1.62497023809524,288.96906589472,2372,1928,5,1729,922,82.588,1610529714,488.7,10.33,194,2597,179,0.401357446542476,320.692079207921,100,62184.513,"SAR",2.713125,31.176875,9.800625,8.085,9.64625
"85","Savona",0.814431622231065,46.5274726975284,65.3333333333333,17.6043012820513,19.2083333333333,21.9136666666667,69.163,0.594,7.43733333333333,2.02133333333333,286.671442511632,1755,1733,290,7742,867,82.211,972111510,527.52,6.23,817,4887,159.7,0.870030496766608,142.4,100,31260.80575,"LIG",4.3975,51.055625,15.17,12.743125,11.600625
"86","Siena",0.839832208644902,40.8022396498267,52.5,13.15875,20.56425,59.25375,71.6211259920635,0.65425,7.61680357142857,1.62497023809524,287.238245673234,4047,1368,10,2920,648,83.15,1029342413,555.42,7.09,436,2615,141.5,1.29443088978203,155.8,60,36993.104,"TOS",3.8,48.8875,14.43125,13.89625,11.65125
"87","Siracusa",0.779919156922188,144.336231210554,83.625468164794,17.6043012820513,25.0646695736434,38.5897141472868,71.6211259920635,0.773140410958904,7.61680357142857,1.62497023809524,290.568244644408,1188,746,18,4088,497,80.737,1329195337,443.29,12.25,547,3627,187.1,0.456644235739388,31.9,9.67741935483871,64017.3721,"SIC",5.18625,39.81875,10.535625,14.036875,7.630625
"88","Sondrio",0.0559975204050005,80.5524010744912,108.75,22.43775,23.23175,43.3135,87.819,0.79625,5.0015,1.28925,278.006802601289,287,37,2,206,276,82.387,368420772,563.16,6.85,839,3668,165.4,30.6253335313364,45.8,100,10444.462,"LOM",2.425625,32.274375,11.436875,7.92625,11.619375
"89","Sud Sardegna",0.53286533339352,65.1865064914734,83.625468164794,17.6043012820513,25.0646695736434,38.5897141472868,71.6211259920635,0.773140410958904,7.61680357142857,1.62497023809524,289.976098621296,149.5,44.25,0.75,688.25,261,80.854,471382325,501.863333333333,10.4625,149,2555,176.1,1.69357630240773,320.692079207921,100,12021.369,"SAR",2.0275,23.5641666666667,8.45416666666667,5.96333333333333,6.26166666666667
"90","Taranto",0.786147623862487,64.6116695414263,79,14.5075,22.1485,40.70775,94.5515,0.3975,5.48175,0.974,290.218599373089,2014,773,115,7112,926,82.563,2239434430,415.47,12.17,534,3112,181.2,1.09608240540404,139.7,100,104093.403,"PUG",4.3625,33.67625,10.269375,7.61875,7.92625
"91","Teramo",0.849785407725321,55.5906547168223,61.25,17.6043012820513,23.42675,61.95025,65.5635,0.773140410958904,7.61680357142857,1.62497023809524,287.460139924813,2348,919,7,232,397,82.084,733467549,484.55,7.68,323,3664,166.5,0.646091197326393,183.8,100,23948.481,"ABR",3.395625,40.345,12.388125,11.606875,8.9875
"92","Terni",0.854653661762274,74.0539874359398,97.5,19.235,28.08,34.719,87.11575,0.9595,7.61680357142857,1.62497023809524,287.158705910354,1656,604,6,1428,497,82.213,1504515708,489.82,5.18,455,2848,162.8,7.88207271612918,105.9,81.25,59962.5149231,"UMB",3.839375,49.753125,16.073125,13.774375,10.49625
"93","Torino",0.536712285482947,82.4125560361001,110.75,27.70475,31.01275,33.38775,57.03625,0.773140410958904,15.9245,1.62497023809524,285.090286152407,15705,5170,29,7082,3983,82.459,14450780647,505.22,6.37,5375,6187,140.6,15.0812830596772,1719.6,24.7311827956989,439697.9708,"PIE",2.71,37.9075,10.24625,11.89875,10.11875
"94","Trapani",0.799620539812718,60.7356205929931,83.625468164794,17.6043012820513,25.0646695736434,38.5897141472868,71.6211259920635,0.773140410958904,7.61680357142857,1.62497023809524,291.008049895605,1962,1245,6,2417,1117.00952380952,81.645,673710887,429.08,12.43,194,2638,200.3,0.146460935317569,54.3,100,46007.745,"SIC",5.775625,42.630625,11.38,15.596875,7.795625
"95","Trento",0.165538520669627,67.5866067361348,80.5,17.6043012820513,23.1815,58.2305,86.85675,0.884,3.81675,1.62497023809524,282.653940736431,5563.80238095238,1909.93095238095,0.485714285714286,5888.8619047619,774,83.515,2032257698,568.1,4.91,609,3489,130.4,30.3585611846177,353,57.1428571428571,49754.75,"TAA",2.17125,33.601875,13.20375,6.77375,9.981875
"96","Treviso",0.831382363230268,67.2238798740615,89.5,17.6043012820513,31.581,51.83475,75.90425,0.731,5.16675,1.62497023809524,286.485557864576,17645,4770,65,15353,1110,83.496,1523034254,514.58,7.13,1140,2383,139.4,2.82619850844286,554.4,83.3333333333333,35487.548,"VEN",2.055625,31.866875,10.926875,7.433125,9.17375
"97","Trieste",0.225979772439949,65.3410240202276,79.25,13.2483333333333,23.50925,56.32,81.15575,0.621,12.3265,1.62497023809524,286.086761567514,220,20,1,83,1031,81.755,3444385865,525.92,3.86,1903,4022,167.4,14.6471339555444,161.7,100,89156.68075,"FVG",3.63375,52.468125,21.41625,14.785625,13.373125
"98","Udine",0.535717620692875,71.1595513786801,81,13.09,21.02225,36.64775,81.78525,0.53175,4.2075,1.62497023809524,285.747734791521,15996,6236,33,1459,1095,82.318,1724756603,543.81,6.04,1406,1705,161.2,3.75934597012158,334.6,100,54641.71475,"FVG",2.59125,40.0525,13.635625,9.633125,12.5975
"99","Valle d'Aosta",0.0147356787622029,89.052480505925,102.25,20.47525,24.7365,45.83925,89.2065,2.29825,19.8895,1.8485,277.439908102916,25,16,0,143,401,81.097,578092815,456.920266666667,7.17,1531,3736,154.1,3.0031880182867,47.9,50,15582.56,"VDA",2.315,35.58,11.03125,9.331875,10.059375
"100","Varese",0.541015516378399,91.6427562427006,125.5,24.8795,34.4245,69.27175,92.1375,0.787,5.2725,1.5685,286.029651768283,247,56,3,8771,685,82.902,1418104900,517.05,7.92,1234,2334,153.2,2.77542892883127,794.3,28.5714285714286,41690.80075,"LOM",2.29875,35.538125,11.668125,9.474375,9.571875
"101","Venezia",0.655801329895508,72.6205618130004,96.5,17.6043012820513,37.016,62.61025,72.0505,0.82425,6.845,1.62497023809524,287.519830129696,9264,2653,24,7878,1422,82.802,4368794970,515.89,7.48,345,1870,142.6,2.64580999031495,610.9,77.7777777777778,161141.729,"VEN",3.00625,35.8875,12.421875,8.566875,10.9075
"102","Verbano-Cusio-Ossola",0.32694055892789,60.953606932348,72.75,33.5,34.9175,22.67775,52.334,0.773140410958904,3.46025,1.62497023809524,283.076830300808,7,3,2,226,1117.00952380952,81.607,26749449,524.42,8.61,721,2604,150.6,8.7909330715907,125.6,45.9469160618347,17608.9734,"PIE",3.249375,44.38375,13.12625,13.96125,12.074375
"103","Vercelli",0.760349704294163,73.605097711494,99.25,23.60325,33.0223333333333,34.4405,59.69075,0.773140410958904,24.39225,1.62497023809524,285.349951002302,11403,1922,6,3703,443,81.557,727306490,505.84,9.3,473,3393,153.2,2.92676475823495,159.6,71.4285714285714,25181.664,"PIE",4.254375,51.0575,14.74625,16.00875,11.800625
"104","Verona",0.770489671168144,68.3164134133917,90.25,17.6043012820513,32.6935,44.76875,85.71675,0.46275,5.648,1.62497023809524,287.527392603926,38001,10362,63,49454,1843,82.84,4384136807,528.43,42.0796028037383,1074,3585,136,3.9701201107601,897.7,9.09090909090909,133711.405,"VEN",2.595625,33.27875,10.76375,6.873125,8.911875
"105","Vibo Valentia",0.833126104312545,65.7288501740035,83.625468164794,17.6043012820513,25.0646695736434,38.5897141472868,71.6211259920635,0.773140410958904,7.61680357142857,1.62497023809524,289.573756460164,1240,478,3,2899,167,81.849,17257214,413.79,11.17,635,2233,209.2,0.850909778020175,21.1,20,14782.54,"CAL",4.348125,40.644375,12.009375,9.455625,7.84875
"106","Vicenza",0.677272838869657,73.7676524023471,107.75,17.6043012820513,44.115,51.708,85.09575,0.60175,5.007,1.62497023809524,285.864650181983,4182,1108,36,11876,1034,82.951,1843895049,525.59,7.08,1087,2983,149.8,3.41973975554298,722.1,100,66047.377,"VEN",2.51625,32.6175,11.138125,7.145625,8.725625
"107","Viterbo",0.894054476227667,42.4531084643171,54.75,10.2175,16.5435,10.93675,57.20975,0.5955,1.6465,1.21275,287.889443012557,8130,4444,16,1475,588,81.072,889258993,487.32,7.18,159,4457,174.2,0.3844084744365,82.1,45.9469160618347,28230.561,"LAZ",4.43375,44.44,14.624375,11.57,11.26875
